,CAS,Chemical Name,Smiles,Molecular Weight (g/mol),Averaged LC50 (mg/L),Averaged LC50 (mol/L),-LOG10(mol/L)
0,496-11-7,Indane,C1Cc2ccccc2C1,118.17899999999996,19,0.000160773,3.79378671
1,132-64-9,Dibenzofuran,o1c2ccccc2c3ccccc13,168.195,2.5933333333333333,1.54186e-05,4.811954739
2,150-38-9,"N,N'-1,2-Ethanediylbis[N-(carboxymethyl)glycine sodium salt (1:3)",O.O.O.[Na+].[Na+].[Na+].OC(=O)CN(CCN(CC([O-])=O)CC([O-])=O)CC([O-])=O,412.23500000000024,300,0.00072774,3.138023607
3,64-17-5,Ethanol,CCO,46.069,12751.42857142857,0.276789784,0.557849943
4,106-48-9,4-Chlorophenol,Oc1ccc(Cl)cc1,128.558,5.05,3.92819e-05,4.405807729
5,68-11-1,Mercaptoacetic acid,OC(=O)CS,92.119,30,0.000325666,3.48722796
6,528-29-0,"1,2-Dinitrobenzene",[O-][N+](=O)c1ccccc1[N+]([O-])=O,168.10799999999995,0.6,3.56913e-06,5.447437131
7,106-47-8,4-Chlorobenzenamine,Nc1ccc(Cl)cc1,127.574,39.25,0.000307665,3.511922512
8,2/1/18,"4-Amino-3,5,6-trichloro-2-pyridinecarboxylic acid",Nc1c(Cl)c(Cl)nc(C(O)=O)c1Cl,241.461,55.3,0.000229022,3.640121864
9,1397-94-0,Antimycin A,CCCCCC[C@@H]1[C@@H](OC(=O)CC(C)C)[C@H](C)OC(=O)[C@@H](NC(=O)c2cccc(NC=O)c2O)[C@@H](C)OC1=O,548.6330000000002,0.001473248,2.68531e-09,8.571006066
10,99-61-6,m-Nitrobenzaldehyde,[O-][N+](=O)c1cccc(C=O)c1,151.12099999999998,5.8,3.83798e-05,4.415896825
11,57-74-9,"1,2,4,5,6,7,8,8-Octachloro-2,3,3a,4,7,7a-hexahydro-4,7-methano-1H-indene",ClC1CC2C(C1Cl)C3(Cl)C(=C(Cl)C2(Cl)C3(Cl)Cl)Cl,409.7819999999999,0.1195692307692307,2.91787e-07,6.534933442
12,62-73-7,"Phosphoric acid 2,2-dichloroethenyl dimethyl ester",CO[P](=O)(OC)OC=C(Cl)Cl,220.976,11.625,5.26075e-05,4.278952146
13,300-76-5,"Phosphoric acid 1,2-dibromo-2,2-dichloroethyl dimethyl ester",CO[P](=O)(OC)OC(Br)C(Cl)(Cl)Br,380.784,3.75,9.8481e-06,5.006647424
14,2870-32-8,"2,2'-(1,2-Ethmediyl)bis(5-((4-ethoxyphenyl)azo)benzene sulfonic acid, Disodium salt",[Na+].[Na+].CCOc1ccc(cc1)N=Nc2ccc(\C=C/c3ccc(cc3[S]([O-])(=O)=O)N=Nc4ccc(OCC)cc4)c(c2)[S]([O-])(=O)=O,680.6720000000003,140,0.000205679,3.68680985
15,102-08-9,"N,N'-Diphenylthiourea",S=C(Nc1ccccc1)Nc2ccccc2,228.32,18.9,8.27786e-05,4.082082152
16,318-98-9,1-[(1-Methylethyl)amino]-3-(1-naphthalenyloxy)-2-propanol hydrochloride (1:1),[H+].[Cl-].CC(C)NCC(O)COc1cccc2ccccc12,295.81,1.21,4.09046e-06,5.388227481
17,122-34-9,"6-Chloro-N,N'-diethyl-1,3,5-triazine-2,4-diamine",CCNc1nc(Cl)nc(NCC)n1,201.661,151.28571428571428,0.000750198,3.124823996
18,1303-28-2,"3-Oxo-1lambda~5~,3lambda~5~-diarsoxane-1,1,3-trione",O=[As](=O)O[As](=O)=O,229.83899999999997,42,0.000182737,3.738174433
19,138-86-3,1-Methyl-4-(1-methylethenyl)cyclohexene,CC(=C)C1CCC(=CC1)C,136.238,966,0.007090533,2.149321133
20,610-39-9,"3,4-Dinitrotoluene",Cc1ccc(c(c1)[N+]([O-])=O)[N+]([O-])=O,182.135,2.6666666666666665,1.46412e-05,4.834424678
21,139-13-9,Nitrilotriacetic acid,OC(=O)CN(CC(O)=O)CC(O)=O,191.139,100,0.000523179,3.28134931
22,62-53-3,Benzenamine,Nc1ccccc1,93.129,32,0.000343609,3.463934961
23,94-75-7,"2-(2,4-Dichlorophenoxy)acetic acid",OC(=O)COc1ccc(Cl)cc1Cl,221.039,285,0.001289365,2.889624047
24,2164-17-2,"N,N-Dimethyl-N'-[3-(trifluoromethyl)phenyl]urea",CN(C)C(=O)Nc1cccc(c1)C(F)(F)F,232.20499999999996,65,0.000279925,3.55295821
25,108-93-0,Cyclohexanol,OC1CCCCC1,100.161,1136.4,0.011345733,1.945167427
26,119-32-4,4-Amino-2-nitrotoluene,Cc1ccc(N)cc1[N+]([O-])=O,152.15300000000002,25.950000000000003,0.000170552,3.768143158
27,1336-21-6,Ammonium hydroxide ((NH4)(OH)),[NH4+].[OH-],35.04600000000001,7,0.000199737,3.699540417
28,62-75-9,N-Methyl-N-nitrosomethanamine,CN(C)N=O,74.083,940,0.012688471,1.896590707
29,2795-39-3,"1,1,2,2,3,3,4,4,5,5,6,6,7,7,8,8,8-Heptadecafluoro-1-octanesulfonic acid potassium salt",[K+].[O-][S](=O)(=O)C(F)(F)C(F)(F)C(F)(F)C(F)(F)C(F)(F)C(F)(F)C(F)(F)C(F)(F)F,538.216,30.183333333333337,5.60803e-05,4.251189404
30,66-25-1,Hexanal,CCCCCC=O,100.161,18,0.000179711,3.745426147
31,606-20-2,"2,6-Dinitrotoluene",Cc1c(cccc1[N+]([O-])=O)[N+]([O-])=O,182.135,19.15,0.000105142,3.978224632
32,96-09-3,2-Phenyloxirane,C1OC1c2ccccc2,120.15099999999995,16.94333333333333,0.000141017,3.850728535
33,121-14-2,"2,4-Dinitrotoluene",Cc1ccc(cc1[N+]([O-])=O)[N+]([O-])=O,182.135,32.325,0.000177478,3.750854877
34,108-88-3,Methylbenzene,Cc1ccccc1,92.141,58.18057142857143,0.00063143,3.199674939
35,506-96-7,Acetyl bromide,CC(Br)=O,122.94899999999998,40.6,0.000330218,3.481198967
36,60-00-4,"N,N'-1,2-Ethanediylbis[N-(carboxymethyl)glycine",OC(=O)CN(CCN(CC(O)=O)CC(O)=O)CC(O)=O,292.244,59.8,0.000204624,3.68904442
37,61-73-4,"7-(Dimethylamino)-3-(methylimino)-3H-phenothiazine, 3-Methochloride",[Cl-].CN(C)c1ccc2nc3ccc(cc3[s+]c2c1)N(C)C,319.86100000000005,49.75,0.000155536,3.808168206
38,2545-60-0,"4-Amino-3,5,6-trichloro-2-pyridinecarboxylic acid, Potassium salt (1:1)",[K+].Nc1c(Cl)c(Cl)nc(C([O-])=O)c1Cl,279.551,201,0.00071901,3.143264993
39,311-45-5,Diethyl 4-nitrophenyl ester phosphoric acid,CCO[P](=O)(OCC)Oc1ccc(cc1)[N+]([O-])=O,275.19700000000006,0.3333333333333333,1.21125e-06,5.91676495
40,119-27-7,"2,4-Dinitroanisole",COc1ccc(cc1[N+]([O-])=O)[N+]([O-])=O,198.134,39,0.000196836,3.7058944
41,1420-04-8,"5-Chloro-N-(2-chloro-4-nitrophenyl)-2-hydrozybenzamide, compd. with 2-aminoethanol (1:1)",NCCO.Oc1ccc(Cl)cc1C(=O)Nc2ccc(cc2Cl)[N+]([O-])=O,388.2070000000001,0.106,2.7305e-07,6.563757497
42,103-23-1,"Hexanedioic acid, 1,6-Bis(2-ethylhexyl) ester",CCCCC(CC)COC(=O)CCCCC(=O)OCC(CC)CCCC,370.5740000000002,0.78,2.10484e-06,5.676780343
43,602-01-7,"2,3-Dinitrotoluene",Cc1cccc(c1[N+]([O-])=O)[N+]([O-])=O,182.135,2.9,1.59223e-05,4.797995412
44,1740-19-8,"(1R,4aS,10aR)-1,2,3,4,4a,9,10,10a-octahydro-1,4a-dimethyl-7-(1-methylethyl)-1-phenanthrenecarboxylic acid",CC(C)c1ccc2c(CC[C@H]3[C@@](C)(CCC[C@]23C)C(O)=O)c1,300.44199999999995,15.025,5.00097e-05,4.300946164
45,52-68-6,"P-(2,2,2-Trichloro-1-hydroxyethyl)phosphonic acid dimethyl ester",CO[P](=O)(OC)C(O)C(Cl)(Cl)Cl,257.437,223.4181818181818,0.000867856,3.061552453
46,129-00-0,Pyrene,c1cc2ccc3cccc4ccc(c1)c2c34,202.25599999999997,0.21,1.03829e-06,5.983682119
47,140-38-5,N-(4-Chlorophenyl)urea,NC(=O)Nc1ccc(Cl)cc1,170.599,100,0.00058617,3.231976481
48,100-41-4,Ethylbenzene,CCc1ccccc1,106.16799999999996,40.63142857142857,0.000382709,3.417131544
49,2317-24-0,"2-(2,4,5-Trichlorophenoxy)propanoic acid 2-butoxy-1-methylethyl ester",CCCCOCC(C)OC(=O)C(C)Oc1cc(Cl)c(Cl)cc1Cl,383.69900000000007,8.416666666666666,2.19356e-05,4.65885054
50,3309-68-0,American Cyanamid 12009,CCCSCS[P](=S)(OCC)OCC,274.413,0.32,1.16613e-06,5.933254703
51,50-29-3,"1,1'-(2,2,2-Trichloroethylidene)bis[4-chlorobenzene]",Clc1ccc(cc1)C(c2ccc(Cl)cc2)C(Cl)(Cl)Cl,354.491,0.0315,8.88598e-08,7.05129466
52,115-29-7,"6,7,8,9,10,10-Hexachloro-1,5,5a,6,9,9a-hexahydro-6,9-methano-2,4,3-benzodioxathiepin 3-oxide",ClC1=C(Cl)C2(Cl)C3CO[S](=O)OCC3C1(Cl)C2(Cl)Cl,406.9290000000001,0.001996842,4.9071e-09,8.309174938
53,608-93-5,"1,2,3,4,5-Pentachlorobenzene",Clc1cc(Cl)c(Cl)c(Cl)c1Cl,250.339,0.378,1.50995e-06,5.821036713
54,999-81-5,"2-Chloro-N,N,N-trimethylethanaminium chloride (1:1)",[Cl-].C[N+](C)(C)CCCl,158.072,100,0.000632623,3.198854948
55,2921-88-2,"Phosphorothioic acid, O,O-Diethyl O-(3,5,6-trichloro-2-pyridinyl) ester",CCO[P](=S)(OCC)Oc1nc(Cl)c(Cl)cc1Cl,350.591,0.2838166666666666,8.09538e-07,6.091762868
56,87-86-5,"2,3,4,5,6-Pentachlorophenol",Oc1c(Cl)c(Cl)c(Cl)c(Cl)c1Cl,266.33799999999997,0.503030303,1.88869e-06,5.723838986
57,121-33-5,4-Hydroxy-3-methoxybenzaldehyde,COc1cc(C=O)ccc1O,152.14899999999997,141.36,0.000929089,3.031942566
58,623-91-6,Diethyl fumarate,CCOC(=O)\C=C\C(=O)OCC,172.17999999999995,4.5,2.61354e-05,4.58277019
59,86-57-7,1-Nitronaphthalene,[O-][N+](=O)c1cccc2ccccc12,173.171,5.9399999999999995,3.43014e-05,4.46468872
60,85-00-7,"6,7-Dihydrodipyrido[1,2-a:2',1'-c]pyrazinediium bromide (1:2)",[Br-].[Br-].C1C[n+]2ccccc2c3cccc[n+]13,344.05000000000007,95.95,0.000278884,3.554576583
61,1912-24-9,"6-Chloro-N-ethyl-N'-(1-methylethyl)-1,3,5-triazine-2,4-diamine",CCNc1nc(Cl)nc(NC(C)C)n1,215.688,4.1,1.90089e-05,4.721042127
62,1773-89-3,"1,4,5,6,7,7-Hexachlorobicyclo[2.2.1]hept-5-ene-2,3-dicarboxylic acid, Dimethyl ester",COC(=O)C1C(C(=O)OC)C2(Cl)C(=C(Cl)C1(Cl)C2(Cl)Cl)Cl,416.899,1.955,4.68939e-06,5.328884092
63,122-14-5,"Phosphorothioic acid O,O-dimethyl O-(3-methyl-4-nitrophenyl)ester",CO[P](=S)(OC)Oc1ccc(c(C)c1)[N+]([O-])=O,277.238,5.291818181818181,1.90876e-05,4.719247843
64,106-46-7,"1,4-Dichlorobenzene",Clc1ccc(Cl)cc1,147.00400000000002,14.365714285714288,9.77233e-05,4.010001927
65,618-85-9,"3,5-Dinitrotoluene",Cc1cc(cc(c1)[N+]([O-])=O)[N+]([O-])=O,182.135,22.3,0.000122437,3.912088547
66,99-55-8,2-Methyl-5-nitrobenzenamine,Cc1ccc(cc1N)[N+]([O-])=O,152.15300000000002,70.05,0.000460392,3.33687238
67,55-18-5,N-Ethyl-N-nitrosoethanamine,CCN(CC)N=O,102.137,775,0.007587848,2.119881395
68,100-44-7,(Chloromethyl)benzene,ClCc1ccccc1,126.58599999999996,8.739999999999998,6.9044e-05,4.160874244
69,2074-67-1,Bis(hydroxymethyl)phosphinic acid,OC[P](O)(=O)CO,126.04799999999996,29,0.000230071,3.638137961
70,1929-73-3,"2-(2,4-Dichlorophenoxy)acetic acid, 2-Butoxyethyl ester",CCCCOCCOC(=O)COc1ccc(Cl)cc1Cl,321.20000000000005,3,9.33998e-06,5.029654282
71,829-26-5,"2,3,6-Trimethylnaphthalene",Cc1ccc2cc(C)c(C)cc2c1,170.255,6.7,3.93527e-05,4.405025072
72,2310-17-0,"S-[(6-Chloro-2-oxo-3(2H)-benzoxazolyl)methyl]O,O-diethyl ester phosphorodithioic acid",CCO[P](=S)(OCC)SCN1C(=O)Oc2cc(Cl)ccc12,367.8160000000001,1.06775,2.90295e-06,5.537161037
73,3383-96-8,"O,O'-(Thiodi-4,1-phenylene) O,O,O',O'-tetramethyl ester phosphorothioic acid",CO[P](=S)(OC)Oc1ccc(Sc2ccc(O[P](=S)(OC)OC)cc2)cc1,466.47900000000016,67.05,0.000143736,3.842433315
74,142-71-2,"Acetic acid, Copper(2+) salt",[Cu++].CC([O-])=O.CC([O-])=O,181.634,0.33,1.81684e-06,5.740683207
75,309-00-2,"(1R,4S,4aS,5S,8R,8aR)-rel-1,2,3,4,10,10-Hexachloro-1,4,4a,5,8,8a-hexahydro-1,4:5,8-dimethanonaphthalene",ClC1=C(Cl)C2(Cl)C3C4CC(C=C4)C3C1(Cl)C2(Cl)Cl,364.914,0.029133333,7.98362e-08,7.097800353
76,80-62-6,"2-Methyl-2-propenoic acid, Methyl ester",COC(=O)C(C)=C,100.117,400.1717948717949,0.003997041,2.398261352
77,99-11-6,Citrazinic acid,OC(=O)C1=CC(=O)NC(=C1)O,155.109,100,0.000644708,3.190636998
78,544-18-3,Cobalt(II)formate,[Co++].[O-]C=O.[O-]C=O,148.96699999999998,32.2,0.000216155,3.6652342
79,87-72-9,L-Arabinopyranose,O[C@@H]1COC(O)[C@@H](O)[C@@H]1O,150.13,37700,0.2511157,0.600126134
80,58-08-2,"3,7-Dihydro-1,3,7-trimethyl-1H-purine-2,6-dione",Cn1cnc2N(C)C(=O)N(C)C(=O)c12,194.19399999999996,720,0.003707633,2.430903311
81,80-05-7,"4,4'-(1-Methylethylidene)bisphenol",CC(C)(c1ccc(O)cc1)c2ccc(O)cc2,228.291,4.7,2.05878e-05,4.686390933
82,76-44-8,"1,4,5,6,7,8,8-Heptachloro-3a,4,7,7a-tetrahydro-4,7-methano-1H-indene",ClC1C=CC2C1C3(Cl)C(=C(Cl)C2(Cl)C3(Cl)Cl)Cl,373.3209999999999,0.075222222,2.01495e-07,6.695736263
83,152-16-9,Octamethylphosphoramide,CN(C)[P](=O)(O[P](=O)(N(C)C)N(C)C)N(C)C,286.25300000000004,139.14285714285714,0.000486083,3.31328913
84,2008-39-1,"2-(2,4-Dichlorophenoxy)acetic acid compd. with N-methylmethanamine (1:1)",CNC.OC(=O)COc1ccc(Cl)cc1Cl,266.124,827.8113208,0.003110623,2.507152681
85,110-16-7,(Z)-2-Butenedioic acid,OC(=O)\C=C\C(O)=O,116.072,5,4.30767e-05,4.365757463
86,584-08-7,"Carbonic acid, Dipotassium salt",[K+].[K+].[O-]C([O-])=O,138.20399999999998,756.6666666666666,0.005474998,2.26161601
87,51-03-6,"5-[[2-(2-Butoxyethoxy)ethoxy]methyl]-6-propyl-1,3-benzodioxole",CCCCOCCOCCOCc1cc2OCOc2cc1CCC,338.44400000000013,6.2,1.83191e-05,4.73709513
88,107-41-5,"2-Methyl-2,4-pentanediol",CC(O)CC(C)(C)O,118.176,100,0.000846196,3.072529286
89,67-63-0,2-Propanol,CC(C)O,60.096,11276,0.18763312,0.726690499
90,75-21-8,Ethylene oxide,C1CO1,44.053,124.6,0.002828411,2.548457447
91,106-89-8,(Chloromethyl)oxirane,ClCC1CO1,92.525,13.996296296296292,0.00015127,3.820245966
92,260-94-6,Acridine,c1ccc2nc3ccccc3cc2c1,179.22199999999998,2.27,1.26659e-05,4.897365462
93,107-49-3,Tetraethyl ester diphosphoric acid,CCO[P](=O)(OCC)O[P](=O)(OCC)OCC,290.189,1.3727272727272728,4.73046e-06,5.325096684
94,75-36-5,Acetyl chloride,CC(Cl)=O,78.498,42,0.000535045,3.271609301
95,72-20-8,"3,4,5,6,9,9-Hexachloro-1a,2,2a,3,6,6a,7,7a-octahydro-[2,7:3,6-dimethanonaphth[2,3-b]oxirene,[1a alpha,2 beta,2a beta,3 alpha,6 alpha,6a beta,7 beta,7a alpha]",ClC1=C(Cl)C2(Cl)C3C4CC(C5OC45)C3C1(Cl)C2(Cl)Cl,380.913,0.002535652,6.65677e-09,8.176736145
96,333-18-6,"1,2-Ethanediamine, Dihydrochloride",[H+].[H+].[Cl-].[Cl-].NCCN,133.022,100,0.000751755,3.123923473
97,100-51-6,Benzenemethanol,OCc1ccccc1,108.13999999999996,650,0.006010727,2.221073009
98,56-38-2,"Phosphorothioic acid, O,O-Diethyl-O-(4-nitrophenyl)ester",CCO[P](=S)(OCC)Oc1ccc(cc1)[N+]([O-])=O,291.26500000000004,2.4002142857142856,8.24065e-06,5.084038284
99,116-06-3,2-Methyl-2-(methylthio)propanol O-[(methylamino)carbonyl]oxime,CNC(=O)O\N=C\C(C)(C)SC,190.26799999999997,5.029999999999999,2.64364e-05,4.577797768
100,3214-47-9,"3,3'-(Carbonylbis(imino(2-methyl-4,1-phenylene)azo))bis-1,5-naphthalenedisulfonic acid, Tetrasodium salt",[Na+].[Na+].[Na+].[Na+].Cc1cc(NC(=O)Nc2ccc(N=Nc3cc4c(cccc4[S]([O-])(=O)=O)c(c3)[S]([O-])(=O)=O)c(C)c2)ccc1N=Nc5cc6c(cccc6[S]([O-])(=O)=O)c(c5)[S]([O-])(=O)=O,956.8340000000002,180,0.00018812,3.725564094
101,3347-22-6,"5,10-Dihydro-5,10-dioxonaphtho[2,3-b]-1,4-dithiin-2,3-dicarbonitrile",O=C1C2=C(SC(=C(S2)C#N)C#N)C(=O)c3ccccc13,296.332,0.1665,5.6187e-07,6.250364314
102,78-11-5,Pentaerythritol tetranitrate,[O-][N+](=O)OCC(CO[N+]([O-])=O)(CO[N+]([O-])=O)CO[N+]([O-])=O,316.135,2.7,8.54066e-06,5.068508816
103,592-85-8,"Thiocyanic acid, Mercury (2+) salt",[K+].[K+].[Hg++].[S-]C#N.[S-]C#N.[S-]C#N.[S-]C#N,511.12600000000015,0.27775,5.43408e-07,6.264873906
104,870-72-4,1-Hydroxymethanesulfonic acid sodium salt (1:1),[Na+].OC[S]([O-])(=O)=O,134.088,100,0.000745779,3.127389913
105,2051-61-8,"3-Chloro-1,1'-biphenyl",Clc1cccc(c1)c2ccccc2,188.657,7.8,4.13449e-05,4.383578321
106,114-26-1,"2-(1-Methylethoxy)phenol, 1-(N-Methylcarbamate)",CNC(=O)Oc1ccccc1OC(C)C,209.245,25,0.000119477,3.92271508
107,2235-25-8,Ethyl[phosphato(3-)-kappaO]mercurate(2-) hydrogen (1:2),CC[Hg+].O[P](O)([O-])=O,326.63800000000003,10,3.06149e-05,4.514066708
108,1071-83-6,N-(Phosphonomethyl)glycine,OC(=O)CNC[P](O)(O)=O,169.073,26.918181818181814,0.00015921,3.798028537
109,1770-80-5,"1,4,5,6,7,7-Hexachlorobicyclo[2.2.1]hept-5-ene-2,3-dicarboxylic acid, Dibutyl ester",CCCCOC(=O)C1C(C(=O)OCCCC)C2(Cl)C(=C(Cl)C1(Cl)C2(Cl)Cl)Cl,501.061,100,0.000199576,3.699890601
110,77-73-6,"3a,4,7,7a-Tetrahydro-4,7-methano-1H-indene",C1C=CC2C3CC(C=C3)C12,132.206,402.82142857142856,0.003046922,2.5161386
111,88-85-7,"2-(1-Methylpropyl)-4,6-dinitrophenol",CCC(C)c1cc(cc(c1O)[N+]([O-])=O)[N+]([O-])=O,240.21499999999995,0.130125,5.41702e-07,6.266239381
112,98-88-4,Benzoyl chloride,ClC(=O)c1ccccc1,140.569,36.87142857142857,0.000262301,3.581199591
113,957-51-7,"N,N-Dimethyl-alpha-phenylbenzeneacetamide",CN(C)C(=O)C(c1ccccc1)c2ccccc2,239.318,52.5,0.000219373,3.658816061
114,71-36-3,1-Butanol,CCCCO,74.12299999999999,1941,0.026186204,1.581927453
115,1314-64-3,Dioxo[sulfato(2-)-kO] uranium,[O-][S]([O-])(=O)=O.O=[U++]=O,366.09,68.9,0.000188205,3.725368644
116,90-12-0,1-Methylnaphthalene,Cc1cccc2ccccc12,142.201,15,0.000105484,3.976811391
117,1787-61-7,"3-Hydroxy-4-((1-hydroxy-2-naphthalenyl)azo)-7-nitro-1-naphthalenesulfonic acid, Monosodium salt",[Na+].Oc1c(N\N=C2/C(=O)C=C(c3cc(ccc23)[N+]([O-])=O)[S]([O-])(=O)=O)ccc4ccccc14,461.38700000000017,7,1.51716e-05,4.818967314
118,1314-62-1,Vanadium oxide (V2O5),O=[V](=O)O[V](=O)=O,181.879,34,0.000186937,3.728303641
119,95-48-7,2-Methylphenol,Cc1ccccc1O,108.14,16.278,0.000150527,3.822385321
120,3179-90-6,Anthraquinone Disperse Blue 7 CI No. 62500,OCCNc1ccc(NCCO)c2C(=O)c3c(O)ccc(O)c3C(=O)c12,358.3500000000001,106.5,0.000297195,3.526957801
121,62-55-5,Thioacetamide,CC(N)=S,75.136,270,0.003593484,2.444484307
122,100-47-0,Benzonitrile,N#Cc1ccccc1,103.12399999999997,137.83333333333334,0.001336579,2.874005491
123,104-40-5,4-Nonylphenol,CCCCCCCCCc1ccc(O)cc1,220.356,0.3959661016949153,1.79694e-06,5.745466872
124,1314-98-3,Zinc sulfide,S=[Zn],97.457,1826,0.018736468,1.727312265
125,2163-79-3,"N,N-Dimethyl-N'-(octahydro-4,7-methano-1H-inden-5-yl)urea",CN(C)C(=O)NC1CC2CC1C3CCCC23,222.3319999999999,35,0.000157422,3.80293393
126,72-54-8,"1,1'-(2,2-Dichloroethylidene)bis[4-chlorobenzene]",ClC(Cl)C(c1ccc(Cl)cc1)c2ccc(Cl)cc2,320.04600000000005,6.25,1.95284e-05,4.709332386
127,99-08-1,1-Methyl-3-nitrobenzene,Cc1cccc(c1)[N+]([O-])=O,137.138,32.583333333333336,0.000237595,3.6241623
128,83-79-4,"[2R-(2-alpha, 6a-alpha, 12a-alpha)]-1,2,12,12a-Tetrahydro-8,9-dimethoxy-2-(1-methylethenyl)-[1]-benzopyrano[3,4-b]furo[2,3-h][1]benzopyran-6(6aH)-one",COc1cc2OC[C@H]3Oc4c5C[C@@H](Oc5ccc4C(=O)[C@H]3c2cc1OC)C(C)=C,394.42300000000023,0.1130999999999999,2.86748e-07,6.542499627
129,84-66-2,"1,2-Benzenedicarboxylic acid, 1,2-Diethyl ester",CCOC(=O)c1ccccc1C(=O)OCC,222.23999999999995,19.56,8.8013e-05,4.055453378
130,90-43-7,"[1,1'-Biphenyl]-2-ol",Oc1ccccc1c2ccccc2,170.211,5.5,3.23128e-05,4.490624934
131,123-72-8,Butanal,CCCC=O,72.107,25.8,0.000357802,3.446357721
132,126-73-8,Phosphoric acid tributyl ester,CCCCO[P](=O)(OCCCC)OCCCC,266.3179999999999,5.5,2.0652e-05,4.685037831
133,92-52-4,"1,1'-Biphenyl",c1ccc(cc1)c2ccccc2,154.21199999999996,3.2975,2.13829e-05,4.669933365
134,1757-18-2,Akton,CCO[P](=S)(OCC)OC(=C/Cl)/c1cc(Cl)ccc1Cl,375.6410000000001,0.81,2.15631e-06,5.666287969
135,80-06-8,4-Chloro-alpha-(4-chlorophenyl)-alpha-methylbenzenemethanol,CC(O)(c1ccc(Cl)cc1)c2ccc(Cl)cc2,267.155,1.6324999999999998,6.11068e-06,5.213910117
136,137-29-1,"(SP-4-1)-Bis(dimethylcarbamodithioato-kappaS,kappaS')Copper",CN(C)C(=S)S[Cu]SC(=S)N(C)C,303.99000000000007,1.3185,4.33731e-06,5.362779163
137,137-30-4,"(T-4)-Bis(dimethylcarbamodithioato-kappaS,kappaS')zinc",[Zn++].CN(C)C([S-])=S.CN(C)C([S-])=S,305.834,0.255,8.33786e-07,6.078945584
138,301-04-2,"Acetic acid, Lead(2+) salt (2:1)",[Pb++].CC([O-])=O.CC([O-])=O,325.28800000000007,19.02,5.84713e-05,4.23305753
139,107-13-1,2-Propenenitrile,C=CC#N,53.06399999999999,23.46,0.000442108,3.354471977
140,306-67-2,"N1,N4-Bis(3-aminopropyl)-1,4-butanediamine hydrochloride (1:4)",[H+].[H+].[H+].[H+].[Cl-].[Cl-].[Cl-].[Cl-].NCCCNCCCCNCCCN,348.19000000000017,307.5,0.000883139,3.053971174
141,11/9/10,"7-(Benzoylamine)-4-hydroxy-3-((4-((4-sulfophenyl)azo)phenyl)azo)-2-naphthalenesulfonic acid, Disodium salt",[Na+].[Na+].[O-][S](=O)(=O)c1ccc(cc1)N=Nc2ccc(N\N=C\3C(=O)c4ccc(NC(=O)c5ccccc5)cc4C=C3[S]([O-])(=O)=O)cc2,675.6120000000003,180,0.000266425,3.57442485
142,2051-60-7,2-Chlorobiphenyl,Clc1ccccc1c2ccccc2,188.657,4,2.12025e-05,4.673612933
143,50-00-0,Formaldehyde,C=O,30.026,26.3,0.000875908,3.057541732
144,616-45-5,2-Pyrrolidinone,O=C1CCCN1,85.10600000000001,100,0.001175005,2.929960179
145,497-19-8,Carbonic acid disodium salt,[Na+].[Na+].[O-]C([O-])=O,105.988,2733.3333333333335,0.025789083,1.588564099
146,298-04-4,"Phosphorodithioic acid, O,O-Diethyl-S-[2-(ethylthio)ethyl] ester",CCO[P](=S)(OCC)SCCSCC,274.413,4.22,1.53783e-05,4.813092231
147,98-01-1,2-Furancarboxaldehyde,O=Cc1occc1,96.08499999999998,37.91818181818182,0.000394632,3.40380809
148,100-02-7,4-Nitrophenol,Oc1ccc(cc1)[N+]([O-])=O,139.11,53.5,0.000384588,3.415004569
149,1313-27-5,Molybdenum trioxide (MoO3),O=[Mo](=O)=O,143.93699999999998,464.6,0.003227801,2.491093241
150,3380-34-5,"5-Chloro-2-(2,4-dichlorophenoxy)phenol",Oc1cc(Cl)ccc1Oc2ccc(Cl)cc2Cl,289.54499999999996,0.3425,1.18289e-06,5.927055494
151,127-65-1,"N-Chloro-4-methylbenzenesulfonamide, Sodium salt",[Na+].Cc1ccc(cc1)[S](=O)(=O)[N-]Cl,227.64799999999997,18.73913043478261,8.23163e-05,4.084514405
152,2163-80-6,"Methylarsonic acid, Monosodium salt",[Na+].C[As](O)([O-])=O,161.952,587.9166666666666,0.003630191,2.440070544
153,616-72-8,"1,5-Dimethyl-2,4-dinitrobenzene",Cc1cc(C)c(cc1[N+]([O-])=O)[N+]([O-])=O,196.162,7.9,4.02728e-05,4.394987789
154,120-94-5,1-Methylpyrrolidine,CN1CCCC1,85.15,1072,0.012589548,1.899989867
155,111-42-2,"2,2'-Iminobisethanol",OCCNCCO,105.137,1305,0.012412376,1.906145069
156,2032-59-9,"4-(Dimethylamino)-3-methylphenol, Methylcarbamate (ester)",CNC(=O)Oc1ccc(N(C)C)c(C)c1,208.26099999999997,3.746,1.7987e-05,4.745040176
157,619-15-8,"2,5-Dinitrotoluene",Cc1cc(ccc1[N+]([O-])=O)[N+]([O-])=O,182.135,2.533333333333333,1.39091e-05,4.856701073
158,1324-11-4,"Dibromoalbenzo(b,def)chrysene-7,14-dione",Brc1ccc(Br)c2c3ccc4C(=O)c5ccccc5c6ccc(C(=O)c12)c3c46,490.15000000000026,180,0.000367235,3.435056502
159,335-67-1,"2,2,3,3,4,4,5,5,6,6,7,7,8,8,8-Pentadecafluorooctanoic acid",OC(=O)C(F)(F)C(F)(F)C(F)(F)C(F)(F)C(F)(F)C(F)(F)C(F)(F)F,414.064,296.3,0.00071559,3.145335822
160,131-92-0,Anthraquinone Vat Brown 3 CI No. 69015,O=C(Nc1cccc2C(=O)c3c4[nH]c5c(cc(NC(=O)c6ccccc6)c7C(=O)c8ccccc8C(=O)c57)c4ccc3C(=O)c12)c9ccccc9,665.6610000000003,180,0.000270408,3.567980608
161,1600-27-7,Mercuric acetate,[Hg++].CC([O-])=O.CC([O-])=O,318.6780000000001,0.24425,7.66448e-07,6.115517511
162,107-07-3,2-Chloroethanol,OCCCl,80.51400000000001,395.57142857142856,0.004913076,2.308646488
163,700-38-9,5-Methyl-2-nitrophenol,Cc1ccc(c(O)c1)[N+]([O-])=O,153.137,47,0.000306915,3.512982277
164,101-55-3,1-Bromo-4-phenoxybenzene,Brc1ccc(Oc2ccccc2)cc1,249.107,0.7375,2.96058e-06,5.528623907
165,121-57-3,Sulfanilic acid,Nc1ccc(cc1)[S](O)(=O)=O,173.19299999999998,100.4,0.0005797,3.236796622
166,333-41-5,"O,O-Diethyl O-[6-methyl-2-(1-methylethyl)-4-pyrimidinyl] ester phosphorothioic acid",CCO[P](=S)(OCC)Oc1cc(C)nc(n1)C(C)C,304.35200000000003,7.68875,2.52627e-05,4.59752042
167,578-46-1,5-Methyl-2-nitrobenzenamine,Cc1ccc(c(N)c1)[N+]([O-])=O,152.15300000000002,24.85,0.000163322,3.786954127
168,1327-79-3,Thiazin Vat Blue 43 C.I. No. 53630,O=C1C=CC(C=C1)=Nc2ccc3[nH]c4ccccc4c3c2,272.3070000000001,180,0.000661019,3.1797863
169,108-95-2,Phenol,Oc1ccccc1,94.113,35.3404,0.00037551,3.425378157
170,1313-82-2,Sodium sulfide (Na2S),[Na+].[Na+].[SH-],79.05499999999999,1.38,1.74562e-05,4.758050257
171,1111-78-0,"Carbamic acid, Monoammonium salt",[NH4+].O.NC([O-])=O,96.08599999999998,40.6,0.000422538,3.374134081
172,584-84-9,"2,4-Diisocyanate-1-methylbenzene",Cc1ccc(cc1N=C=O)N=C=O,174.159,175.35714285714286,0.00100688,2.997022462
173,86-73-7,9H-Fluorene,C1c2ccccc2c3ccccc13,166.22299999999998,100,0.000601601,3.220691116
174,128-58-5,Anthraquinone Vat Green 1 CI No. 59825,COc1cc2c3ccccc3C(=O)c4ccc5c6ccc7C(=O)c8ccccc8c9cc(OC)c(c1c5c24)c6c79,516.5520000000004,180,0.000348464,3.457841542
175,89-83-8,5-Methyl-2-(1-methylethyl)phenol,CC(C)c1ccc(C)cc1O,150.22099999999998,3.3666666666666667,2.24114e-05,4.64953053
176,88-30-2,4-Nitro-3-(trifluoromethyl)phenol,Oc1ccc(c(c1)C(F)(F)F)[N+]([O-])=O,207.10699999999997,7.351428571428571,3.54958e-05,4.449823036
177,79-46-9,2-Nitropropane,CC(C)[N+]([O-])=O,89.094,210,0.002357061,2.627629163
178,85-68-7,"1,2-Benzenedicarboxylic acid, 1-Butyl 2-(phenylmethyl) ester",CCCCOC(=O)c1ccccc1C(=O)OCc2ccccc2,312.36499999999995,3.3386666666666667,1.06884e-05,4.971089305
179,2/1/61,"4,8-Diamino-9,10-dihydro-1,5-dihydroxy-9,10-dioxo-2,6-anthracenedisulfonic acid, Disodium salt",[Na].Nc1cc(c(O)c2C(=O)c3c(N)cc(c(O)c3C(=O)c12)[S](O)(=O)=O)[S](O)(=O)=O,453.36200000000014,180,0.000397034,3.40117261
180,109-27-3,4-(Aminoiminomethyl)-1-tetrazene-1-carboximidic acid 2-nitrosohydrazide,NC(N)=NNN\N=C(/N)N=NN=O,188.155,4.375,2.32521e-05,4.633537706
181,77-47-4,"1,2,3,4,5,5-Hexachloro-1,3-cyclopentadiene",ClC1=C(Cl)C(Cl)(Cl)C(=C1Cl)Cl,272.773,0.10386875,3.80788e-07,6.419316475
182,117-81-7,"1,2-Benzenedicarboxylic acid, 1,2-Bis(2-ethylhexyl)ester",CCCCC(CC)COC(=O)c1ccccc1C(=O)OCC(CC)CCCC,390.5640000000003,0.224,5.7353e-07,6.241444192
183,557-34-6,"Acetic acid, Zinc salt",[Zn++].CC([O-])=O.CC([O-])=O,183.478,0.93,5.06873e-06,5.295101049
184,598-63-0,Lead(2+)salt carbamic acid (1:1),[Pb++].[O-]C([O-])=O,267.20799999999997,5000,0.018712015,1.727879452
185,109-21-7,"Butanoic acid, butyl ester",CCCCOC(=O)CCC,144.21399999999997,11.6,8.0436e-05,4.094549434
186,569-64-2,"N-[4-[[4-(Dimethylamino)phenyl]phenylmethylene]-2,5-cyclohexadien-1-ylidene]-N-methylmethanaminium chloride (1:1)",[Cl-].CN(C)c1ccc(cc1)[C+](c2ccccc2)c3ccc(cc3)N(C)C,364.9200000000002,0.14,3.83646e-07,6.416069631
187,88-72-2,1-Methyl-2-nitrobenzene,Cc1ccccc1[N+]([O-])=O,137.138,37.55,0.000273812,3.56254787
188,732-11-6,"S-[(1,3-Dihydro-1,3-dioxo-2H-isoindol-2-yl)methyl]O,O-dimethyl ester, Phosphorodithioic acid",CO[P](=S)(OC)SCN1C(=O)c2ccccc2C1=O,317.32800000000003,10.375,3.26949e-05,4.485520289
189,615-67-8,"2-Chloro-1,4-benzenediol",Oc1ccc(O)c(Cl)c1,144.55700000000002,0.185,1.27977e-06,5.892867398
190,89-62-3,4-Methyl-2-nitrobenzenamine,Cc1ccc(N)c(c1)[N+]([O-])=O,152.15300000000002,24.8,0.000162994,3.787828839
191,298-00-0,"O,O-Dimethyl O-(4-nitrophenyl) ester phosphorothioic acid",CO[P](=S)(OC)Oc1ccc(cc1)[N+]([O-])=O,263.211,9.203125,3.49648e-05,4.456368714
192,67-43-6,"N,N-Bis[2-[bis(carboxymethyl)amino]ethyl]glycine",OC(=O)CN(CCN(CC(O)=O)CC(O)=O)CCN(CC(O)=O)CC(O)=O,393.3490000000002,300,0.000762681,3.117656796
193,94-82-6,"4-(2,4-Dichlorophenoxy)butanoic acid",OC(=O)CCCOc1ccc(Cl)cc1Cl,249.093,22.666666666666668,9.09968e-05,4.040973865
194,97-53-0,2-Methoxy-4-(2-propenyl)phenol,COc1cc(CC=C)ccc1O,164.204,24,0.00014616,3.835172491
195,3380-30-1,"5-Chloro-2-(4-chlorophenoxy)phenol,",Oc1cc(Cl)ccc1Oc2ccc(Cl)cc2,255.1,0.46,1.80321e-06,5.743952627
196,2008-46-0,"2-(2,4,5-Trichlorophenoxy)acetic acid compd. with N,N-diethylethanamine (1:1)",CCN(CC)CC.OC(=O)COc1cc(Cl)c(Cl)cc1Cl,356.677,10,2.80366e-05,4.552275105
197,67-56-1,Methanol,CO,32.042,8760.5,0.273406779,0.563190722
198,98-86-2,1-Phenylethanone,CC(=O)c1ccccc1,120.15099999999995,175.2,0.001458165,2.836193288
199,1344-81-6,Calcium sulfide (Ca(Sx)),S.[Ca++],74.161,31.95,0.000430819,3.365704715
200,78-79-5,Isoprene,CC(=C)C=C,68.11900000000001,78.38944444444445,0.001150772,2.939010677
201,109-52-4,Pentanoic acid,CCCCC(O)=O,102.13299999999998,86.2,0.000843998,3.073658823
202,130-20-1,Anthraquinone Vat Blue 6 CI No. 69825,Clc1cc2C(=O)c3ccccc3C(=O)c2c4Nc5c(Cl)cc6C(=O)c7ccccc7C(=O)c6c5Nc14,511.3200000000003,58.5,0.00011441,3.941536914
203,2051-79-8,"N4,N4-Diethyl-2-methyl-1,4-benzenediamine hydrochloride (1:1)",[Cl-].CC[NH+](CC)c1ccc(N)c(C)c1,214.74,2,9.31359e-06,5.030882953
204,603-83-8,2-Amino-6-nitrotoluene,Cc1c(N)cccc1[N+]([O-])=O,152.15299999999996,49.95,0.000328288,3.483745027
205,3148-72-9,"N,N'-(2-Hydroxy-1,3-propanediyl)bis[N-(carboxymethyl)glycine",OC(CN(CC(O)=O)CC(O)=O)CN(CC(O)=O)CC(O)=O,322.27000000000004,300,0.000930896,3.031098624
206,540-72-7,"Thiocyanic acid, Sodium salt",[Na+].[S-]C#N,81.075,100,0.001233426,2.908886957
207,100-52-7,Benzaldehyde,O=Cc1ccccc1,106.12399999999997,29.75,0.000280332,3.552326641
208,106-44-5,4-Methylphenol,Cc1ccc(O)cc1,108.14,23.4,0.000216386,3.664770508
209,91-22-5,Quinoline,c1ccc2ncccc2c1,129.16199999999998,43.74,0.000338644,3.470255982
210,83-32-9,Acenaphthene,C1Cc2cccc3cccc1c23,154.21199999999996,2.4166666666666665,1.56711e-05,4.804901418
211,115-86-6,"Phosphoric acid, Triphenyl ester",O=[P](Oc1ccccc1)(Oc2ccccc2)Oc3ccccc3,326.288,2.8600000000000003,8.76526e-06,5.057235069
212,619-24-9,3-Nitrobenzonitrile,[O-][N+](=O)c1cccc(c1)C#N,148.12099999999998,60.2,0.000406424,3.391020144
213,143-33-9,Sodium cyanide (Na(CN)),[Na+].[C-]#N,49.008,0.256,5.22364e-06,5.282027014
214,112-80-1,Oleic acid,CCCCCCCC/C=C/CCCCCCCC(O)=O,282.4679999999999,389.4,0.001378563,2.860573308
215,55-63-0,"1,2,3-Propanetriol, 1,2,3-Trinitrate",[O-][N+](=O)OCC(CO[N+]([O-])=O)O[N+]([O-])=O,227.085,6.722222222222222,2.96022e-05,4.528675583
216,61-82-5,"1H-1,2,4-Triazol-3-amine",Nc1[nH]ncn1,84.082,100,0.001189315,2.924703033
217,127-20-8,"2,2-Dichloropropanoic acid sodium salt",[Na+].CC(Cl)(Cl)C([O-])=O,164.951,383.3333333333333,0.002323922,2.633778367
218,64-19-7,Acetic acid,CC(O)=O,60.05200000000001,125,0.002081529,2.681617463
219,86-74-8,Carbazole,[nH]1c2ccccc2c3ccccc13,167.21099999999998,1.3766666666666667,8.23311e-06,5.084436047
220,1317-36-8,Lead oxide (PbO),O=[Pb],223.199,2970.4595999999997,0.01330857,1.875868594
221,121-54-0,"N,N-Dimethyl-N-[2-[2-[4-(1,1,3,3-tetramethylbutyl)phenoxy]ethoxy]ethyl]benzenemethanaminium chloride (1:1)",[Cl-].CC(C)(C)CC(C)(C)c1ccc(OCCOCC[N+](C)(C)Cc2ccccc2)cc1,448.09100000000024,3.0333333333333337,6.76946e-06,5.169446084
222,87-17-2,2-Hydroxy-N-phenylbenzamide,Oc1ccccc1C(=O)Nc2ccccc2,213.236,0.008938889,4.19202e-08,7.377576983
223,121-82-4,"Hexahydro-1,3,5-trinitro-1,3,5-triazine",[O-][N+](=O)N1CN(CN(C1)[N+]([O-])=O)[N+]([O-])=O,222.117,25.36875,0.000114213,3.94228273
224,118-96-7,"2-Methyl-1,3,5-trinitrobenzene",Cc1c(cc(cc1[N+]([O-])=O)[N+]([O-])=O)[N+]([O-])=O,227.132,2.5357142857142856,1.11641e-05,4.952178008
225,500-28-7,"Phosphorothioic acid, O-(3-Chloro-4-nitrophenyl) O,O-dimethyl ester",CO[P](=S)(OC)Oc1ccc(c(Cl)c1)[N+]([O-])=O,297.656,3.533333333333333,1.18705e-05,4.925530031
226,106-42-3,"1,4-Dimethylbenzene",Cc1ccc(C)cc1,106.168,8.4,7.91199e-05,4.10171435
227,107-02-8,2-Propenal,C=CC=O,56.064,0.128125,2.28533e-06,5.641050202
228,1344-67-8,Copper chloride,[Cl].[Cu++],98.999,0.357,3.6061e-06,5.442962592
229,108-46-3,"1,3-Benzenediol",Oc1cccc(O)c1,110.11199999999998,64.21111111111111,0.000583144,3.234224466
230,128-03-0,Dimethylcarbamodithioic acid potassium salt,[K+].CN(C)C([S-])=S,159.32,0.06,3.76601e-07,6.424119047
231,1064-48-8,"4-Amino-5-hydroxy-3-((4-nitrophenyl)azo)-6-(phenylazo)-2,7-naphthalene disulfonic acid, Disodium salt",[Na+].[Na+].Nc1c(N=Nc2ccc(cc2)[N+]([O-])=O)c(cc3C=C(\C(=N/Nc4ccccc4)C(=O)c13)[S]([O-])(=O)=O)[S]([O-])(=O)=O,616.5010000000003,180,0.00029197,3.53466128
232,129-09-9,Anthraquinone Vat Yellow 2 CI No. 67300,O=C1c2ccc3nc(sc3c2C(=O)c4ccc5nc(sc5c14)c6ccccc6)c7ccccc7,474.56600000000014,180,0.000379294,3.421024115
233,85-69-8,"Butyl 2-ethylhexylester 1,2-benzenedicarboxylic acid",CCCCOC(=O)c1ccccc1C(=O)OCC(CC)CCCC,334.4560000000002,0.184,5.50147e-07,6.259521168
234,87-91-2,"[R-(R*,R*)]-2,3-Dihydroxybutanedioic acid, Diethyl ester",CCOC(=O)C(O)C(O)C(=O)OCC,206.19399999999996,650,0.003152371,2.501362667
235,1563-66-2,"2,3-Dihydro-2,2-dimethyl-7-benzofuranol 7-(N-methylcarbamate)",CNC(=O)Oc1cccc2CC(C)(C)Oc12,221.25599999999991,1.5950000000000002,7.20884e-06,5.142134369
236,307-35-7,"1,1,2,2,3,3,4,4,5,5,6,6,7,7,8,8,8-Heptadecafluoro-1-octanesulfonyl fluoride",FC(F)(F)C(F)(F)C(F)(F)C(F)(F)C(F)(F)C(F)(F)C(F)(F)C(F)(F)[S](F)(=O)=O,502.117,1000,0.001991568,2.700804925
237,127-09-3,"Acetic acid, Sodium salt (1:1)  ",[Na+].CC([O-])=O,82.03399999999999,13330,0.1624936,0.789163739
238,71-43-2,Benzene,c1ccccc1,78.11399999999999,34.03285714285714,0.000435682,3.360830467
239,108-90-7,Chlorobenzene,Clc1ccccc1,112.55899999999995,30.341428571428565,0.00026956,3.569344201
240,385-00-2,"2,6-Difluorobenzoic acid",OC(=O)c1c(F)cccc1F,158.10299999999998,69,0.000436424,3.36009102
241,151-50-8,Potassium cyanide (K(CN)),[K+].[C-]#N,65.116,0.261,4.00823e-06,5.397047207
242,813-78-5,"Phosphoric acid, Dimethyl ester",CO[P](O)(=O)OC,126.04799999999996,18,0.000142803,3.845263454
243,570-24-1,2-Methyl-6-nitrobenzenamine,Cc1cccc(c1N)[N+]([O-])=O,152.15300000000002,24.3,0.000159708,3.796674246
244,79-19-6,Thiosemicarbazide,NNC(N)=S,91.139,26.03333333333333,0.000285644,3.54417448
245,50-31-7,"2,3,6-Trichlorobenzoic acid",OC(=O)c1c(Cl)ccc(Cl)c1Cl,225.458,11.15,4.94549e-05,4.305790783
246,92-87-5,"[1,1'-Biphenyl]-4,4'-diamine",Nc1ccc(cc1)c2ccc(N)cc2,184.242,20,0.000108553,3.964358644
247,120-12-7,Anthracene,c1ccc2cc3ccccc3cc2c1,178.23399999999995,0.36,2.01982e-06,5.694688053
248,84-74-2,"1,2-Benzenedicarboxylic acid, 1,2-Dibutyl ester",CCCCOC(=O)c1ccccc1C(=O)OCCCC,278.348,2.2218181818181817,7.98216e-06,5.097879589
249,99-35-4,"1,3,5-Trinitrobenzene",[O-][N+](=O)c1cc(cc(c1)[N+]([O-])=O)[N+]([O-])=O,213.10499999999996,1.7440000000000002,8.18376e-06,5.087047159
250,1330-20-7,Dimethylbenzene,Cc1cccc(C)c1,106.168,34.86272727272726,0.000328373,3.483632278
251,100-01-6,4-Nitrobenzenamine,Nc1ccc(cc1)[N+]([O-])=O,138.126,103.95,0.000752574,3.123450942
252,62-56-6,Thiourea,NC(N)=S,76.124,100,0.001313646,2.881521601
253,76-03-9,Trichloroacetic acid,OC(=O)C(Cl)(Cl)Cl,163.387,2000,0.012240876,1.912187503
254,1314-87-0,Lead sulfide,S.[Pb],241.283,1757.4042857142856,0.007283581,2.137655043
255,1306-19-0,Cadmium oxide,O=[Cd],128.411,7.3892,5.75434e-05,4.240004806
256,1303-33-9,Arsenic trisulfide (As2S3),S.[As],109.005,304.8333333333333,0.002796508,2.553383964
257,2787-91-9,"3,7-bis(Diethylamino)-1-ethoxyphenoxazin-5-ium, Chloride",[Cl-].CCOc1cc(cc2[o+]c3cc(ccc3nc12)N(CC)CC)N(CC)CC,403.9540000000003,4,9.90212e-06,5.004271922
258,606-34-8,"2,4,6-Trinitrobenzaldehyde",[O-][N+](=O)c1cc(c(C=O)c(c1)[N+]([O-])=O)[N+]([O-])=O,241.115,3,1.24422e-05,4.905102974
259,93-72-1,"2-(2,4,5-Trichlorophenoxy)propanoic acid",CC(Oc1cc(Cl)c(Cl)cc1Cl)C(O)=O,269.511,38.57,0.000143111,3.844326857
260,63-25-2,1-Naphthalenol methylcarbamate,CNC(=O)Oc1cccc2ccccc12,201.225,11.668565789473684,5.79877e-05,4.236664457
261,133-06-2,"3a,4,7,7a-Tetrahydro-2-[(trichloromethyl)thio]-1H-isoindole-1,3-(2H)-dione",ClC(Cl)(Cl)SN1C(=O)C2CC=CCC2C1=O,300.5940000000001,0.245,8.15053e-07,6.088814223
262,709-98-8,"N-(3,4-Dichlorophenyl)propanamide",CCC(=O)Nc1ccc(Cl)c(Cl)c1,218.08299999999997,18.68375,8.56727e-05,4.067157765
263,75-07-0,Acetaldehyde,CC=O,44.053,43.1,0.000978367,3.009498219
264,56-72-4,"Phosphorothioic acid O-(3-chloro-4-methyl-2-oxo-2H-1-benzopyran-7-yl) O,O-diethyl ester",CCO[P](=S)(OCC)Oc1ccc2C(=C(Cl)C(=O)Oc2c1)C,362.7710000000002,18,4.96181e-05,4.304360057
265,143-50-0,"1,1a,3,3a,4,5,5,5a,5b,6-Decachlorooctahydro-1,3,4-metheno-2H-cyclobuta[cd]pentalen-2-one",ClC1(Cl)C2(Cl)C3(Cl)C4(Cl)C(=O)C5(Cl)C3(Cl)C1(Cl)C5(Cl)C24Cl,490.63900000000024,0.42,8.56027e-07,6.067512776
266,91-94-1,"3,3'-Dichloro-[1,1'-biphenyl]-4,4'-diamine",Nc1ccc(cc1Cl)c2ccc(N)c(Cl)c2,253.132,2.218,8.76223e-06,5.057385509
267,123-25-1,Diethyl succinate,CCOC(=O)CCC(=O)OCC,174.19599999999997,140,0.000803692,3.094910143
268,79-06-1,2-Propenamide,NC(=O)C=C,71.07900000000001,137.5,0.001934467,2.713438611
269,868-85-9,"Phosphonic acid, dimethyl ester",CO[P+](=O)OC,109.04099999999998,225,0.002063444,2.685407308
270,68-12-2,"N,N-Dimethylformamide",CN(C)C=O,73.095,10025,0.137150284,0.862803289
271,98-95-3,Nitrobenzene,[O-][N+](=O)c1ccccc1,123.11099999999996,145,0.001177799,2.928928857
272,3252-43-5,Dibromoacetonitrile,BrC(Br)C#N,198.845,0.6325000000000001,3.18087e-06,5.497454145
273,618-87-1,"3,5-Dinitrobenzenamine",Nc1cc(cc(c1)[N+]([O-])=O)[N+]([O-])=O,183.123,21.299999999999997,0.000116315,3.934363291
274,944-22-9,"Ethylphosphonodithioic acid, O-Ethyl S-phenyl ester",CCO[P](=S)(CC)Sc1ccccc1,246.33700000000005,1.09,4.42483e-06,5.35410315
275,123-31-9,"1,4-Benzenediol",Oc1ccc(O)cc1,110.11199999999998,0.115,1.04439e-06,5.981136811
276,121-75-5,"2-[(Dimethoxyphosphinothioyl)thio]butanedioic acid 1,4-diethyl ester",CCOC(=O)CC(S[P](=S)(OC)OC)C(=O)OCC,330.3640000000001,17.378947368421052,5.26055e-05,4.278969248
277,99-65-0,"1,3-Dinitrobenzene",[O-][N+](=O)c1cccc(c1)[N+]([O-])=O,168.10799999999995,11.775,7.00443e-05,4.154627466
278,2602-46-2,"3,3'-[[1,1'-Biphenyl]-4,4'-diylbis(2,1-diazenediyl)]bis[5-amino-4-hydroxy-2,7-naphthalenedisulfonic acid sodium salt (1:4)",[Na+].[Na+].[Na+].[Na+].Nc1cc(cc2C=C(\C(=N/Nc3ccc(cc3)c4ccc(N\N=C/5C(=O)c6c(N)cc(cc6C=C5[S]([O-])(=O)=O)[S]([O-])(=O)=O)cc4)C(=O)c12)[S]([O-])(=O)=O)[S]([O-])(=O)=O,932.7680000000004,180,0.000192974,3.714501133
279,118-74-1,"1,2,3,4,5,6-Hexachlorobenzene",Clc1c(Cl)c(Cl)c(Cl)c(Cl)c1Cl,284.784,10,3.51143e-05,4.454515586
280,2245-38-7,"2,3,5-Trimethyl naphthalene",Cc1cc2cccc(C)c2cc1C,170.25499999999997,6.4,3.75907e-05,4.424919901
281,149-30-4,2(3H)-Benzothiazolethione,S=C1Nc2ccccc2S1,167.25799999999998,15,8.96818e-05,4.04729564
282,1309-64-4,Antimony trioxide,[O--].[O--].[O--].[Sb+3].[Sb+3],291.517,80,0.000274427,3.561573899
283,75-05-8,Acetonitrile,CC#N,41.053,907.1428571428572,0.022096871,1.655669214
284,100-42-5,Ethenylbenzene,C=Cc1ccccc1,104.15199999999996,43.32588235294117,0.000415987,3.380920198
285,51-21-8,"5-Fluoro-2,4(1H,3H)pyrionidinedione",FC1=CNC(=O)NC1=O,130.078,2420,0.018604222,1.730388485
286,513-78-0,"Carbonic acid, Cadmium salt (1:1)",[Cd++].[O-]C([O-])=O,172.42,2658,0.015415845,1.812032664
287,131-52-2,"2,3,4,5,6-Pentachlorophenol sodium salt (1:1)",[Na+].[O-]c1c(Cl)c(Cl)c(Cl)c(Cl)c1Cl,288.32,0.1112857142857143,3.8598e-07,6.413435352
288,82-71-3,"2,4,6-Trinitroresorcinol",Oc1c(cc(c(O)c1[N+]([O-])=O)[N+]([O-])=O)[N+]([O-])=O,245.103,0.3,1.22398e-06,5.912227372
289,11/4/51,"2,2'-(1,2-Ethenediyl)bis(5-((4-hydroxyphenyl)azo)benzenesulfonic acid, Disodium salt",[Na+].[Na+].[O-][S](=O)(=O)c1cc(NN=C2C=CC(=O)C=C2)ccc1\C=C\c3ccc(NN=C4C=CC(=O)C=C4)cc3[S]([O-])(=O)=O,624.5640000000003,180,0.000288201,3.540304443
290,78-97-7,Lactonitrile,CC(O)C#N,71.07900000000001,0.9,1.2662e-05,4.8974988
291,99-52-5,2-Methyl-4-nitrobenzenamine,Cc1cc(ccc1N)[N+]([O-])=O,152.153,86.7,0.000569821,3.244261422
292,2764-72-9,"6,7-Dihydrodipyrido (1,2-a:2',1'-c)pyrazinediium",C1C[n+]2ccccc2c3cccc[n+]13,184.242,44.279999999999994,0.000240336,3.619181027
293,1582-09-8,"2,6-Dinitro-N,N-dipropyl-4-(trifluoromethyl)benzenamine",CCCN(CCC)c1c(cc(cc1[N+]([O-])=O)C(F)(F)F)[N+]([O-])=O,335.28200000000004,0.254125,7.57944e-07,6.120362847
294,99-99-0,1-Methyl-4-nitrobenzene,Cc1ccc(cc1)[N+]([O-])=O,137.138,49.8,0.000363138,3.439928469
295,67-64-1,Propan-2-one,CC(C)=O,58.080000000000005,6310,0.108643251,0.963997248
296,84-75-3,"1,2-Benzenedicarboxylic acid, 1,2-Dihexyl ester",CCCCCCOC(=O)c1ccccc1C(=O)OCCCCCC,334.45600000000024,0.18,5.38187e-07,6.269066486
297,532-32-1,"Benzoic acid, Sodium salt (1:1)",[Na+].[O-]C(=O)c1ccccc1,144.105,100,0.000693938,3.15867905
298,95-57-8,2-Chlorophenol,Oc1ccccc1Cl,128.558,17.579285714285714,0.000136742,3.864097883
299,55-55-0,4-Methylaminophenol sulfate,CNc1ccc(O)cc1.CNc2ccc(O)cc2.O[S](O)(=O)=O,344.38900000000007,0.25,7.25923e-07,6.139109263
300,135-19-3,2-Naphthol,Oc1ccc2ccccc2c1,144.17299999999997,3.46,2.39989e-05,4.619807837
301,95-76-1,"3,4-Dichlorobenzenamine",Nc1ccc(Cl)c(Cl)c1,162.019,7.2,4.44392e-05,4.352233451
302,206-44-0,Fluoranthene,c1ccc2c(c1)c3cccc4cccc2c34,202.25599999999997,1.3986153846153846,6.91507e-06,5.160203113
303,1194-65-6,"2,6-Dichlorobenzonitrile",Clc1cccc(Cl)c1C#N,172.01399999999998,8.205,4.76996e-05,4.32148521
304,55-38-9,"O,O-Dimethyl O-[3-methyl-4-(methylthio)phenyl]ester phosphorothioic acid",CO[P](=S)(OC)Oc1ccc(SC)c(C)c1,278.335,3.1406666666666667,1.12838e-05,4.947545976
305,584-79-2,"2,2-Dimethyl-3-(2-methyl-1-propenyl)cyclopropanecarboxylic acid 2-methyl-4-oxo-3-(2-propenyl)-2-cyclopenten-1-yl ester",CC(C)=CC1C(C(=O)OC2CC(=O)C(=C2C)CC=C)C1(C)C,302.41400000000004,0.09,2.97605e-07,6.526359383
306,101-20-2,"N-(4-Chlorophenyl)-N'-(3,4-dichlorophenyl)urea",Clc1ccc(NC(=O)Nc2ccc(Cl)c(Cl)c2)cc1,315.587,0.092,2.9152e-07,6.535331278
307,2691-41-0,"Octahydro-1,3,5,7-tetranitro-1,3,5,7-tetrazocine",[O-][N+](=O)N1CN(CN(CN(C1)[N+]([O-])=O)[N+]([O-])=O)[N+]([O-])=O,296.156,30.73684210526316,0.000103786,3.98386129
308,2536-31-4,"2-Chloro-9-hydroxy-9H-fluorene-9-carboxylic acid, Methyl ester",COC(=O)C1(O)c2ccccc2c3ccc(Cl)cc13,274.70300000000003,1.45,5.27843e-06,5.2774954
309,2706-90-3,"2,2,3,3,4,4,5,5,5-Nonafluoropentanoic acid",OC(=O)C(F)(F)C(F)(F)C(F)(F)C(F)(F)F,264.04299999999995,31.8,0.000120435,3.919247538
310,94-09-7,4-Aminobenzoic acid ethyl ester,CCOC(=O)c1ccc(N)cc1,165.19199999999998,27.950000000000003,0.000169197,3.771607199
311,100-25-4,"1,4-Dinitrobenzene",[O-][N+](=O)c1ccc(cc1)[N+]([O-])=O,168.10799999999995,1.7,1.01125e-05,4.99513946
312,563-12-2,"Phosphorodithioic acid, S,S'-Methylene O,O,O',O'-tetraethyl ester",CCO[P](=S)(OCC)SCS[P](=S)(OCC)OCC,384.4870000000002,1.7979999999999996,4.67636e-06,5.330091973
313,106-24-1,"(2E)-3,7-Dimethyl-2,6-octadien-1-ol",CC(C)=CCC\C(C)=C\CO,154.253,6.45,4.18144e-05,4.378673905
314,1929-82-4,2-Chloro-6-(trichloromethyl)pyridine,Clc1cccc(n1)C(Cl)(Cl)Cl,230.909,10.15,4.39567e-05,4.356974818
315,110-86-1,Pyridine,c1ccncc1,79.10199999999998,68.3,0.000863442,3.063766761
316,693-21-0,"2,2'-Oxybisethanol, Dinitrate",[O-][N+](=O)OCCOCCO[N+]([O-])=O,196.115,491.4,0.002505673,2.60107566
317,75-52-5,Nitromethane,C[N+]([O-])=O,61.040000000000006,278,0.004554391,2.341569729
318,3271-76-9,Anthraquinone Vat Green 3 CI No. 69500,O=C1c2ccccc2C(=O)c3c4Nc5ccc6c7ccccc7C(=O)c8ccc(c4ccc13)c5c68,449.4650000000002,180,0.000400476,3.397423374
319,110-62-3,Pentanal,CCCCC=O,86.13399999999999,42,0.000487612,3.311925326
320,145-73-3,"7-Oxabicyclo[2.2.1]heptane-2,3-dicarboxylic acid",[Na+].[Na+].[O-]C(=O)C1C2CCC(O2)C1C([O-])=O,230.12699999999995,551.6666666666666,0.002397227,2.620290833
321,151-21-3,Sulfuric acid monododecyl ester sodium salt (1:1),[Na+].CCCCCCCCCCCCO[S]([O-])(=O)=O,288.385,7.793333333333333,2.70241e-05,4.568249415
322,78-59-1,"3,5,5-trimethyl-2-cyclohexen-1-one",CC1=CC(=O)CC(C)(C)C1,138.20999999999998,242.4,0.001753853,2.756006851
323,1330-78-5,"Phosphoric acid, Tris(methylphenyl) ester",Cc1ccc(O[P](=O)(Oc2ccc(C)cc2)Oc3ccc(C)cc3)cc1,368.3690000000001,79.98750000000001,0.00021714,3.663260952
324,1306-23-6,Cadmium sulfide,S=[Cd],144.479,0.2335714285714285,1.61665e-06,5.79138501
325,315-18-4,"4-(Dimethylamino)-3,5-dimethylphenol, Methylcarbamate(ester)",CNC(=O)Oc1cc(C)c(N(C)C)c(C)c1,222.288,18.16,8.16958e-05,4.087800174
326,71-55-6,"1,1,1-Trichloroethane",CC(Cl)(Cl)Cl,133.405,87.5,0.000655897,3.183164054
327,119-06-2,"1,2-Benzenedicarboxylic acid, Ditridecyl ester",CCCCCCCCCCCCCOC(=O)c1ccccc1C(=O)OCCCCCCCCCCCCC,530.8340000000004,0.136,2.56201e-07,6.591419823
328,1320-07-6,"4-((3-((Dimethylphenyl)azo)-2,4-dihydroxyphenyl)azo)benzene sulfonic acid, Monosodium salt",[Na+].Cc1ccc(N\N=C\2C(=O)C=CC(=N/Nc3ccc(cc3)[S]([O-])(=O)=O)/C2=O)c(C)c1,448.4360000000002,155,0.000345646,3.461368772
329,627-30-5,3-Chloro-1-propanol,OCCCCl,94.541,1440,0.015231487,1.8172577
330,91-20-3,Naphthalene,c1ccc2ccccc2c1,128.17399999999995,1.99,1.55258e-05,4.808946861
331,142-62-1,Hexanoic acid,CCCCCC(O)=O,116.15999999999998,98.4,0.000847107,3.072061505
332,91-23-6,1-Methoxy-2-nitrobenzene,COc1ccccc1[N+]([O-])=O,153.13699999999997,192.45,0.001256718,2.900762219
333,95-65-8,"3,4-Dimethylphenol",Cc1ccc(O)cc1C,122.167,16.6,0.00013588,3.866845821
334,2475-46-9,Anthraquinone Disperse Blue 3 CI No. 61505,CNc1ccc(NCCO)c2C(=O)c3ccccc3C(=O)c12,296.3260000000001,1,3.37466e-06,5.471769759
335,87-68-3,"1,1,2,3,4,4-Hexachloro-1,3-butadiene",ClC(Cl)=C(Cl)C(Cl)=C(Cl)Cl,260.762,0.205,7.86157e-07,6.104490442
336,1314-13-2,Zinc oxide (ZnO),O=[Zn],81.389,2246,0.027595867,1.559155961
337,111-69-3,Hexanedinitrile,N#CCCCCC#N,108.144,1065,0.00984798,2.006652821
338,542-75-6,"1,3-Dichloro-1-propene",ClC\C=C/Cl,110.971,3.3600000000000003,3.02782e-05,4.518870222
339,141-05-9,"2-Butenedioic acid (2Z)-, 1,4-Diethyl ester",CCOC(=O)\C=C/C(=O)OCC,172.17999999999995,18,0.000104542,3.980710198
340,79-94-7,"4,4'-(1-Methylethylidene)bis[2,6-dibromophenol]",CC(C)(c1cc(Br)c(O)c(Br)c1)c2cc(Br)c(O)c(Br)c2,543.875,0.5533333333333333,1.01739e-06,5.992512263
341,123-91-1,"1,4-Dioxane",C1COCCO1,88.106,13145.2,0.149197557,0.826238287
342,60-57-1,"(1aR,2R,2aS,3S,6R,6aR,7S,7aS)-rel-3,4,5,6,9,9-Hexachloro-1a,2,2a,3,6,6a,7,7a-octahydro-2,7:3,6-dimethanonaphth[2,3-b]oxirene ",ClC1=C(Cl)C2(Cl)C3C4CC(C5OC45)C3C1(Cl)C2(Cl)Cl,380.913,0.025775,6.76664e-08,7.169627121
343,1192-52-5,"4,5-Dichloro-3H-1,2-dithiol-3-one",ClC1=C(Cl)C(=O)SS1,187.072,9.2,4.91789e-05,4.308220962
344,111-30-8,Pentanedial,O=CCCCC=O,100.117,8.5,8.49007e-05,4.071088902
345,1330-43-4,Boron sodium oxide (B4Na2O7),[B+3].[B+3].[B+3].[B+3].O.O.O.O.O.O.O.[O--].[O--].[O--].[O--].[O--].[O--].[O--].[Na+].[Na+],327.326,1900,0.005804611,2.236226902
346,2212-67-1,"Hexahydro-1H-azepine-1-carbothioic acid, S-Ethyl ester",CCSC(=O)N1CCCCCC1,187.3079999999999,27,0.000144148,3.841192563
347,634-90-2,"1,2,3,5-Tetrachlorobenzene",Clc1cc(Cl)c(Cl)c(Cl)c1,215.894,0.2,9.26381e-07,6.033210577
348,756-80-9," Phosphorodithioic acid, O,O-Dimethyl ester",[Na+].CO[P]([S-])(=S)OC,180.166,23.5,0.000130435,3.884604974
349,72-43-5,"1,1'-(2,2,2-Trichloroethylidene)bis[4-methoxybenzene]",COc1ccc(cc1)C(c2ccc(OC)cc2)C(Cl)(Cl)Cl,345.6529999999999,0.041,1.18616e-07,6.925856474
350,126-11-4,"2-(Hydroxymethyl)-2-nitro-1,3-propanediol",OCC(CO)(CO)[N+]([O-])=O,151.118,280,0.001852857,2.732158166
351,123-05-7,2-Ethylhexanal,CCCCC(CC)C=O,128.21499999999995,4.2,3.27575e-05,4.484689546
352,108-05-4,Vinyl acetate,CC(=O)OC=C,86.09,25.403333333333336,0.000295079,3.530062001
353,619-72-7,4-Nitrobenzonitrile,[O-][N+](=O)c1ccc(cc1)C#N,148.12099999999998,24.4,0.00016473,3.783226809
354,78-40-0,Triethyl phosphate,CCO[P](=O)(OCC)OCC,182.156,100,0.00054898,3.260443481
355,330-54-1,"N'-(3,4-Dichlorophenyl)-N,N-dimethylurea",CN(C)C(=O)Nc1ccc(Cl)c(Cl)c1,233.098,12.95,5.5556e-05,4.255268779
356,5/1/51,"8-(Phenylamino)-5-((4-((3-sulfophenyl)azo)-1-naphthalenyl)azo)-1-naphthalenesulfonic acid, Disodium salt",[Na+].[Na+].[O-][S](=O)(=O)c1cccc(c1)N=Nc2ccc(N=Nc3ccc(Nc4ccccc4)c5c3cccc5[S]([O-])(=O)=O)c6ccccc26,681.6630000000002,4.35,6.38145e-06,5.195080465
357,598-70-9,"2,2-Dibromoacetamide",NC(=O)C(Br)Br,216.86,104.25,0.000480725,3.31810339
358,131-11-3,"1,2-Benzenedicarboxylic acid, 1,2-Dimethyl ester",COC(=O)c1ccccc1C(=O)OC,194.18599999999995,130.2,0.000670491,3.173606932
359,94-81-5,4-(4-Chloro-2-methylphenoxy)butanoic acid,Cc1cc(Cl)ccc1OCCCC(O)=O,228.67499999999995,22.46666666666667,9.82471e-05,4.007680046
360,78-34-2,Delnav,CCO[P](=S)(OCC)SC1OCCOC1S[P](=S)(OCC)OCC,456.5500000000002,14.255555555555556,3.12245e-05,4.5055042
361,2832-40-8,N-[4-[(2-Hydroxy-5-methylphenyl)azo]phenyl]acetamide,CC(=O)Nc1ccc(N\N=C\2C=C(C)C=CC2=O)cc1,269.304,180,0.00066839,3.174970299
362,298-02-2,"O,O-Diethyl S-[(ethylthio)methyl])ester, Phosphorodithioic acid",CCO[P](=S)(OCC)SCSCC,260.38599999999997,0.25,9.60113e-07,6.017677621
363,133-07-3,"2-[(Trichloromethyl)thio]-1H-isoindole-1,3(2H)dione",ClC(Cl)(Cl)SN1C(=O)c2ccccc2C1=O,296.56200000000007,0.31,1.04531e-06,5.980753808
364,95-50-1,"1,2-Dichlorobenzene",Clc1ccccc1Cl,147.00399999999996,73.93333333333334,0.000502934,3.298488865
365,124-04-9,Hexanedioic acid,OC(=O)CCCCC(O)=O,146.14200000000002,156,0.001067455,2.971650448
366,1825-21-4,"1,2,3,4,5-Pentachloro-6-methoxybenzene",COc1c(Cl)c(Cl)c(Cl)c(Cl)c1Cl,280.365,1.19,4.24447e-06,5.372176835
367,1445-75-6,Diisopropylmethyl phosphonate,CC(C)O[P](C)(=O)OC(C)C,180.184,1270.6190476190477,0.007051786,2.151700862
368,86-50-0,"O,O-Dimethyl S-[(4-oxo-1,2,3-benzotriazin-3(4H)-yl)methyl] ester, Phosphorodithioic acid",CO[P](=S)(OC)SCN1N=Nc2ccccc2C1=O,317.33200000000005,0.5174666666666666,1.63068e-06,5.78763149
369,541-73-1,"1,3-Dichlorobenzene",Clc1cccc(Cl)c1,147.004,12.7,8.63922e-05,4.063525431
370,2104-64-5,P-Phenylphosphonothioic acid O-ethyl O-(4-nitrophenyl) ester ,CCO[P](=S)(Oc1ccc(cc1)[N+]([O-])=O)c2ccccc2,323.31000000000006,0.7229166666666668,2.23599e-06,5.6505309
371,95-94-3,"1,2,4,5-Tetrachlorobenzene",Clc1cc(Cl)c(Cl)cc1Cl,215.894,0.2896666666666667,1.34171e-06,5.872342051
372,834-12-8,"N2-Ethyl-N4-(1-methylethyl)-6-(methylthio)-1,3,5-triazine-2,4-diamine",CCNc1nc(NC(C)C)nc(SC)n1,227.337,10.85,4.77265e-05,4.321240386
373,616-73-9,"2,4-Dinitro-5-methylphenol",Cc1cc(O)c(cc1[N+]([O-])=O)[N+]([O-])=O,198.134,3.2,1.61507e-05,4.791809029
374,1861-40-1,"N-Butyl-N-ethyl-2,6-dinitro-4-(trifluoromethyl)benzenamine",CCCCN(CC)c1c(cc(cc1[N+]([O-])=O)C(F)(F)F)[N+]([O-])=O,335.28200000000004,0.55,1.64041e-06,5.785047549